Demangled Name,sm__pipe_tensor_cycles_active.avg.pct_of_peak_sustained_active [%],smsp__inst_executed_pipe_tensor_op_hmma.avg [inst],smsp__inst_executed_pipe_tensor_op_hmma.avg.pct_of_peak_sustained_active [%],smsp__inst_executed_pipe_tensor_op_hmma.avg.pct_of_peak_sustained_elapsed [%],smsp__inst_executed_pipe_tensor_op_hmma.avg.pct_of_peak_sustained_frame [%],smsp__inst_executed_pipe_tensor_op_hmma.avg.pct_of_peak_sustained_region [%],smsp__inst_executed_pipe_tensor_op_hmma.avg.peak_sustained [inst/cycle],smsp__inst_executed_pipe_tensor_op_hmma.avg.peak_sustained_active [inst],smsp__inst_executed_pipe_tensor_op_hmma.avg.peak_sustained_active.per_second [inst/usecond],smsp__inst_executed_pipe_tensor_op_hmma.avg.peak_sustained_elapsed [inst],smsp__inst_executed_pipe_tensor_op_hmma.avg.peak_sustained_elapsed.per_second [inst/usecond],smsp__inst_executed_pipe_tensor_op_hmma.avg.peak_sustained_frame [inst],smsp__inst_executed_pipe_tensor_op_hmma.avg.peak_sustained_frame.per_second [inst/usecond],smsp__inst_executed_pipe_tensor_op_hmma.avg.peak_sustained_region [inst],smsp__inst_executed_pipe_tensor_op_hmma.avg.peak_sustained_region.per_second [inst/usecond],smsp__inst_executed_pipe_tensor_op_hmma.avg.per_cycle_active [inst/cycle],smsp__inst_executed_pipe_tensor_op_hmma.avg.per_cycle_elapsed [inst/cycle],smsp__inst_executed_pipe_tensor_op_hmma.avg.per_cycle_in_frame [inst/cycle],smsp__inst_executed_pipe_tensor_op_hmma.avg.per_cycle_in_region [inst/cycle],smsp__inst_executed_pipe_tensor_op_hmma.avg.per_second [inst/usecond],smsp__inst_executed_pipe_tensor_op_hmma.max [inst],smsp__inst_executed_pipe_tensor_op_hmma.max.pct_of_peak_sustained_active [%],smsp__inst_executed_pipe_tensor_op_hmma.max.pct_of_peak_sustained_elapsed [%],smsp__inst_executed_pipe_tensor_op_hmma.max.pct_of_peak_sustained_frame [%],smsp__inst_executed_pipe_tensor_op_hmma.max.pct_of_peak_sustained_region [%],smsp__inst_executed_pipe_tensor_op_hmma.max.peak_sustained [inst/cycle],smsp__inst_executed_pipe_tensor_op_hmma.max.peak_sustained_active [inst],smsp__inst_executed_pipe_tensor_op_hmma.max.peak_sustained_active.per_second [inst/usecond],smsp__inst_executed_pipe_tensor_op_hmma.max.peak_sustained_elapsed [inst],smsp__inst_executed_pipe_tensor_op_hmma.max.peak_sustained_elapsed.per_second [inst/usecond],smsp__inst_executed_pipe_tensor_op_hmma.max.peak_sustained_frame [inst],smsp__inst_executed_pipe_tensor_op_hmma.max.peak_sustained_frame.per_second [inst/usecond],smsp__inst_executed_pipe_tensor_op_hmma.max.peak_sustained_region [inst],smsp__inst_executed_pipe_tensor_op_hmma.max.peak_sustained_region.per_second [inst/usecond],smsp__inst_executed_pipe_tensor_op_hmma.max.per_cycle_active [inst/cycle],smsp__inst_executed_pipe_tensor_op_hmma.max.per_cycle_elapsed [inst/cycle],smsp__inst_executed_pipe_tensor_op_hmma.max.per_cycle_in_frame [inst/cycle],smsp__inst_executed_pipe_tensor_op_hmma.max.per_cycle_in_region [inst/cycle],smsp__inst_executed_pipe_tensor_op_hmma.max.per_second [inst/usecond],smsp__inst_executed_pipe_tensor_op_hmma.min [inst],smsp__inst_executed_pipe_tensor_op_hmma.min.pct_of_peak_sustained_active [%],smsp__inst_executed_pipe_tensor_op_hmma.min.pct_of_peak_sustained_elapsed [%],smsp__inst_executed_pipe_tensor_op_hmma.min.pct_of_peak_sustained_frame [%],smsp__inst_executed_pipe_tensor_op_hmma.min.pct_of_peak_sustained_region [%],smsp__inst_executed_pipe_tensor_op_hmma.min.peak_sustained [inst/cycle],smsp__inst_executed_pipe_tensor_op_hmma.min.peak_sustained_active [inst],smsp__inst_executed_pipe_tensor_op_hmma.min.peak_sustained_active.per_second [inst/usecond],smsp__inst_executed_pipe_tensor_op_hmma.min.peak_sustained_elapsed [inst],smsp__inst_executed_pipe_tensor_op_hmma.min.peak_sustained_elapsed.per_second [inst/usecond],smsp__inst_executed_pipe_tensor_op_hmma.min.peak_sustained_frame [inst],smsp__inst_executed_pipe_tensor_op_hmma.min.peak_sustained_frame.per_second [inst/usecond],smsp__inst_executed_pipe_tensor_op_hmma.min.peak_sustained_region [inst],smsp__inst_executed_pipe_tensor_op_hmma.min.peak_sustained_region.per_second [inst/usecond],smsp__inst_executed_pipe_tensor_op_hmma.min.per_cycle_active [inst/cycle],smsp__inst_executed_pipe_tensor_op_hmma.min.per_cycle_elapsed [inst/cycle],smsp__inst_executed_pipe_tensor_op_hmma.min.per_cycle_in_frame [inst/cycle],smsp__inst_executed_pipe_tensor_op_hmma.min.per_cycle_in_region [inst/cycle],smsp__inst_executed_pipe_tensor_op_hmma.min.per_second [inst/second],smsp__inst_executed_pipe_tensor_op_hmma.sum [inst],smsp__inst_executed_pipe_tensor_op_hmma.sum.pct_of_peak_sustained_active [%],smsp__inst_executed_pipe_tensor_op_hmma.sum.pct_of_peak_sustained_elapsed [%],smsp__inst_executed_pipe_tensor_op_hmma.sum.pct_of_peak_sustained_frame [%],smsp__inst_executed_pipe_tensor_op_hmma.sum.pct_of_peak_sustained_region [%],smsp__inst_executed_pipe_tensor_op_hmma.sum.peak_sustained [inst/cycle],smsp__inst_executed_pipe_tensor_op_hmma.sum.peak_sustained_active [inst],smsp__inst_executed_pipe_tensor_op_hmma.sum.peak_sustained_active.per_second [inst/nsecond],smsp__inst_executed_pipe_tensor_op_hmma.sum.peak_sustained_elapsed [inst],smsp__inst_executed_pipe_tensor_op_hmma.sum.peak_sustained_elapsed.per_second [inst/nsecond],smsp__inst_executed_pipe_tensor_op_hmma.sum.peak_sustained_frame [inst],smsp__inst_executed_pipe_tensor_op_hmma.sum.peak_sustained_frame.per_second [inst/nsecond],smsp__inst_executed_pipe_tensor_op_hmma.sum.peak_sustained_region [inst],smsp__inst_executed_pipe_tensor_op_hmma.sum.peak_sustained_region.per_second [inst/nsecond],smsp__inst_executed_pipe_tensor_op_hmma.sum.per_cycle_active [inst/cycle],smsp__inst_executed_pipe_tensor_op_hmma.sum.per_cycle_elapsed [inst/cycle],smsp__inst_executed_pipe_tensor_op_hmma.sum.per_cycle_in_frame [inst/cycle],smsp__inst_executed_pipe_tensor_op_hmma.sum.per_cycle_in_region [inst/cycle],smsp__inst_executed_pipe_tensor_op_hmma.sum.per_second [inst/nsecond],smsp__inst_executed_pipe_tensor_op_imma.avg [inst],smsp__inst_executed_pipe_tensor_op_imma.avg.pct_of_peak_sustained_active [%],smsp__inst_executed_pipe_tensor_op_imma.avg.pct_of_peak_sustained_elapsed [%],smsp__inst_executed_pipe_tensor_op_imma.avg.pct_of_peak_sustained_frame [%],smsp__inst_executed_pipe_tensor_op_imma.avg.pct_of_peak_sustained_region [%],smsp__inst_executed_pipe_tensor_op_imma.avg.peak_sustained [inst/cycle],smsp__inst_executed_pipe_tensor_op_imma.avg.peak_sustained_active [inst],smsp__inst_executed_pipe_tensor_op_imma.avg.peak_sustained_active.per_second [inst/usecond],smsp__inst_executed_pipe_tensor_op_imma.avg.peak_sustained_elapsed [inst],smsp__inst_executed_pipe_tensor_op_imma.avg.peak_sustained_elapsed.per_second [inst/usecond],smsp__inst_executed_pipe_tensor_op_imma.avg.peak_sustained_frame [inst],smsp__inst_executed_pipe_tensor_op_imma.avg.peak_sustained_frame.per_second [inst/usecond],smsp__inst_executed_pipe_tensor_op_imma.avg.peak_sustained_region [inst],smsp__inst_executed_pipe_tensor_op_imma.avg.peak_sustained_region.per_second [inst/usecond],smsp__inst_executed_pipe_tensor_op_imma.avg.per_cycle_active [inst/cycle],smsp__inst_executed_pipe_tensor_op_imma.avg.per_cycle_elapsed [inst/cycle],smsp__inst_executed_pipe_tensor_op_imma.avg.per_cycle_in_frame [inst/cycle],smsp__inst_executed_pipe_tensor_op_imma.avg.per_cycle_in_region [inst/cycle],smsp__inst_executed_pipe_tensor_op_imma.avg.per_second [inst/second],smsp__inst_executed_pipe_tensor_op_imma.max [inst],smsp__inst_executed_pipe_tensor_op_imma.max.pct_of_peak_sustained_active [%],smsp__inst_executed_pipe_tensor_op_imma.max.pct_of_peak_sustained_elapsed [%],smsp__inst_executed_pipe_tensor_op_imma.max.pct_of_peak_sustained_frame [%],smsp__inst_executed_pipe_tensor_op_imma.max.pct_of_peak_sustained_region [%],smsp__inst_executed_pipe_tensor_op_imma.max.peak_sustained [inst/cycle],smsp__inst_executed_pipe_tensor_op_imma.max.peak_sustained_active [inst],smsp__inst_executed_pipe_tensor_op_imma.max.peak_sustained_active.per_second [inst/usecond],smsp__inst_executed_pipe_tensor_op_imma.max.peak_sustained_elapsed [inst],smsp__inst_executed_pipe_tensor_op_imma.max.peak_sustained_elapsed.per_second [inst/usecond],smsp__inst_executed_pipe_tensor_op_imma.max.peak_sustained_frame [inst],smsp__inst_executed_pipe_tensor_op_imma.max.peak_sustained_frame.per_second [inst/usecond],smsp__inst_executed_pipe_tensor_op_imma.max.peak_sustained_region [inst],smsp__inst_executed_pipe_tensor_op_imma.max.peak_sustained_region.per_second [inst/usecond],smsp__inst_executed_pipe_tensor_op_imma.max.per_cycle_active [inst/cycle],smsp__inst_executed_pipe_tensor_op_imma.max.per_cycle_elapsed [inst/cycle],smsp__inst_executed_pipe_tensor_op_imma.max.per_cycle_in_frame [inst/cycle],smsp__inst_executed_pipe_tensor_op_imma.max.per_cycle_in_region [inst/cycle],smsp__inst_executed_pipe_tensor_op_imma.max.per_second [inst/second],smsp__inst_executed_pipe_tensor_op_imma.min [inst],smsp__inst_executed_pipe_tensor_op_imma.min.pct_of_peak_sustained_active [%],smsp__inst_executed_pipe_tensor_op_imma.min.pct_of_peak_sustained_elapsed [%],smsp__inst_executed_pipe_tensor_op_imma.min.pct_of_peak_sustained_frame [%],smsp__inst_executed_pipe_tensor_op_imma.min.pct_of_peak_sustained_region [%],smsp__inst_executed_pipe_tensor_op_imma.min.peak_sustained [inst/cycle],smsp__inst_executed_pipe_tensor_op_imma.min.peak_sustained_active [inst],smsp__inst_executed_pipe_tensor_op_imma.min.peak_sustained_active.per_second [inst/usecond],smsp__inst_executed_pipe_tensor_op_imma.min.peak_sustained_elapsed [inst],smsp__inst_executed_pipe_tensor_op_imma.min.peak_sustained_elapsed.per_second [inst/usecond],smsp__inst_executed_pipe_tensor_op_imma.min.peak_sustained_frame [inst],smsp__inst_executed_pipe_tensor_op_imma.min.peak_sustained_frame.per_second [inst/usecond],smsp__inst_executed_pipe_tensor_op_imma.min.peak_sustained_region [inst],smsp__inst_executed_pipe_tensor_op_imma.min.peak_sustained_region.per_second [inst/usecond],smsp__inst_executed_pipe_tensor_op_imma.min.per_cycle_active [inst/cycle],smsp__inst_executed_pipe_tensor_op_imma.min.per_cycle_elapsed [inst/cycle],smsp__inst_executed_pipe_tensor_op_imma.min.per_cycle_in_frame [inst/cycle],smsp__inst_executed_pipe_tensor_op_imma.min.per_cycle_in_region [inst/cycle],smsp__inst_executed_pipe_tensor_op_imma.min.per_second [inst/second],smsp__inst_executed_pipe_tensor_op_imma.sum [inst],smsp__inst_executed_pipe_tensor_op_imma.sum.pct_of_peak_sustained_active [%],smsp__inst_executed_pipe_tensor_op_imma.sum.pct_of_peak_sustained_elapsed [%],smsp__inst_executed_pipe_tensor_op_imma.sum.pct_of_peak_sustained_frame [%],smsp__inst_executed_pipe_tensor_op_imma.sum.pct_of_peak_sustained_region [%],smsp__inst_executed_pipe_tensor_op_imma.sum.peak_sustained [inst/cycle],smsp__inst_executed_pipe_tensor_op_imma.sum.peak_sustained_active [inst],smsp__inst_executed_pipe_tensor_op_imma.sum.peak_sustained_active.per_second [inst/nsecond],smsp__inst_executed_pipe_tensor_op_imma.sum.peak_sustained_elapsed [inst],smsp__inst_executed_pipe_tensor_op_imma.sum.peak_sustained_elapsed.per_second [inst/nsecond],smsp__inst_executed_pipe_tensor_op_imma.sum.peak_sustained_frame [inst],smsp__inst_executed_pipe_tensor_op_imma.sum.peak_sustained_frame.per_second [inst/nsecond],smsp__inst_executed_pipe_tensor_op_imma.sum.peak_sustained_region [inst],smsp__inst_executed_pipe_tensor_op_imma.sum.peak_sustained_region.per_second [inst/nsecond],smsp__inst_executed_pipe_tensor_op_imma.sum.per_cycle_active [inst/cycle],smsp__inst_executed_pipe_tensor_op_imma.sum.per_cycle_elapsed [inst/cycle],smsp__inst_executed_pipe_tensor_op_imma.sum.per_cycle_in_frame [inst/cycle],smsp__inst_executed_pipe_tensor_op_imma.sum.per_cycle_in_region [inst/cycle],smsp__inst_executed_pipe_tensor_op_imma.sum.per_second [inst/second],smsp__sass_thread_inst_executed_op_fp16_pred_on.sum [inst],smsp__sass_thread_inst_executed_op_fp16_pred_on.sum.pct_of_peak_sustained_active [%],smsp__sass_thread_inst_executed_op_fp16_pred_on.sum.pct_of_peak_sustained_elapsed [%],smsp__sass_thread_inst_executed_op_fp16_pred_on.sum.pct_of_peak_sustained_frame [%],smsp__sass_thread_inst_executed_op_fp16_pred_on.sum.pct_of_peak_sustained_region [%],smsp__sass_thread_inst_executed_op_fp16_pred_on.sum.peak_sustained [inst/cycle],smsp__sass_thread_inst_executed_op_fp16_pred_on.sum.peak_sustained_active [inst],smsp__sass_thread_inst_executed_op_fp16_pred_on.sum.peak_sustained_active.per_second [inst/nsecond],smsp__sass_thread_inst_executed_op_fp16_pred_on.sum.peak_sustained_elapsed [inst],smsp__sass_thread_inst_executed_op_fp16_pred_on.sum.peak_sustained_elapsed.per_second [inst/nsecond],smsp__sass_thread_inst_executed_op_fp16_pred_on.sum.peak_sustained_frame [inst],smsp__sass_thread_inst_executed_op_fp16_pred_on.sum.peak_sustained_frame.per_second [inst/nsecond],smsp__sass_thread_inst_executed_op_fp16_pred_on.sum.peak_sustained_region [inst],smsp__sass_thread_inst_executed_op_fp16_pred_on.sum.peak_sustained_region.per_second [inst/nsecond],smsp__sass_thread_inst_executed_op_fp16_pred_on.sum.per_cycle_active [inst/cycle],smsp__sass_thread_inst_executed_op_fp16_pred_on.sum.per_cycle_elapsed [inst/cycle],smsp__sass_thread_inst_executed_op_fp16_pred_on.sum.per_cycle_in_frame [inst/cycle],smsp__sass_thread_inst_executed_op_fp16_pred_on.sum.per_cycle_in_region [inst/cycle],smsp__sass_thread_inst_executed_op_fp16_pred_on.sum.per_second [inst/nsecond],smsp__sass_thread_inst_executed_op_fp32_pred_on.sum [inst],smsp__sass_thread_inst_executed_op_fp32_pred_on.sum.pct_of_peak_sustained_active [%],smsp__sass_thread_inst_executed_op_fp32_pred_on.sum.pct_of_peak_sustained_elapsed [%],smsp__sass_thread_inst_executed_op_fp32_pred_on.sum.pct_of_peak_sustained_frame [%],smsp__sass_thread_inst_executed_op_fp32_pred_on.sum.pct_of_peak_sustained_region [%],smsp__sass_thread_inst_executed_op_fp32_pred_on.sum.peak_sustained [inst/cycle],smsp__sass_thread_inst_executed_op_fp32_pred_on.sum.peak_sustained_active [inst],smsp__sass_thread_inst_executed_op_fp32_pred_on.sum.peak_sustained_active.per_second [inst/nsecond],smsp__sass_thread_inst_executed_op_fp32_pred_on.sum.peak_sustained_elapsed [inst],smsp__sass_thread_inst_executed_op_fp32_pred_on.sum.peak_sustained_elapsed.per_second [inst/nsecond],smsp__sass_thread_inst_executed_op_fp32_pred_on.sum.peak_sustained_frame [inst],smsp__sass_thread_inst_executed_op_fp32_pred_on.sum.peak_sustained_frame.per_second [inst/nsecond],smsp__sass_thread_inst_executed_op_fp32_pred_on.sum.peak_sustained_region [inst],smsp__sass_thread_inst_executed_op_fp32_pred_on.sum.peak_sustained_region.per_second [inst/nsecond],smsp__sass_thread_inst_executed_op_fp32_pred_on.sum.per_cycle_active [inst/cycle],smsp__sass_thread_inst_executed_op_fp32_pred_on.sum.per_cycle_elapsed [inst/cycle],smsp__sass_thread_inst_executed_op_fp32_pred_on.sum.per_cycle_in_frame [inst/cycle],smsp__sass_thread_inst_executed_op_fp32_pred_on.sum.per_cycle_in_region [inst/cycle],smsp__sass_thread_inst_executed_op_fp32_pred_on.sum.per_second [inst/nsecond],smsp__sass_thread_inst_executed_op_fp64_pred_on.sum [inst],smsp__sass_thread_inst_executed_op_fp64_pred_on.sum.pct_of_peak_sustained_active [%],smsp__sass_thread_inst_executed_op_fp64_pred_on.sum.pct_of_peak_sustained_elapsed [%],smsp__sass_thread_inst_executed_op_fp64_pred_on.sum.pct_of_peak_sustained_frame [%],smsp__sass_thread_inst_executed_op_fp64_pred_on.sum.pct_of_peak_sustained_region [%],smsp__sass_thread_inst_executed_op_fp64_pred_on.sum.peak_sustained [inst/cycle],smsp__sass_thread_inst_executed_op_fp64_pred_on.sum.peak_sustained_active [inst],smsp__sass_thread_inst_executed_op_fp64_pred_on.sum.peak_sustained_active.per_second [inst/nsecond],smsp__sass_thread_inst_executed_op_fp64_pred_on.sum.peak_sustained_elapsed [inst],smsp__sass_thread_inst_executed_op_fp64_pred_on.sum.peak_sustained_elapsed.per_second [inst/nsecond],smsp__sass_thread_inst_executed_op_fp64_pred_on.sum.peak_sustained_frame [inst],smsp__sass_thread_inst_executed_op_fp64_pred_on.sum.peak_sustained_frame.per_second [inst/nsecond],smsp__sass_thread_inst_executed_op_fp64_pred_on.sum.peak_sustained_region [inst],smsp__sass_thread_inst_executed_op_fp64_pred_on.sum.peak_sustained_region.per_second [inst/nsecond],smsp__sass_thread_inst_executed_op_fp64_pred_on.sum.per_cycle_active [inst/cycle],smsp__sass_thread_inst_executed_op_fp64_pred_on.sum.per_cycle_elapsed [inst/cycle],smsp__sass_thread_inst_executed_op_fp64_pred_on.sum.per_cycle_in_frame [inst/cycle],smsp__sass_thread_inst_executed_op_fp64_pred_on.sum.per_cycle_in_region [inst/cycle],smsp__sass_thread_inst_executed_op_fp64_pred_on.sum.per_second [inst/second],smsp__sass_thread_inst_executed_op_integer_pred_on.sum [inst],smsp__sass_thread_inst_executed_op_integer_pred_on.sum.pct_of_peak_sustained_active [%],smsp__sass_thread_inst_executed_op_integer_pred_on.sum.pct_of_peak_sustained_elapsed [%],smsp__sass_thread_inst_executed_op_integer_pred_on.sum.pct_of_peak_sustained_frame [%],smsp__sass_thread_inst_executed_op_integer_pred_on.sum.pct_of_peak_sustained_region [%],smsp__sass_thread_inst_executed_op_integer_pred_on.sum.peak_sustained [inst/cycle],smsp__sass_thread_inst_executed_op_integer_pred_on.sum.peak_sustained_active [inst],smsp__sass_thread_inst_executed_op_integer_pred_on.sum.peak_sustained_active.per_second [inst/nsecond],smsp__sass_thread_inst_executed_op_integer_pred_on.sum.peak_sustained_elapsed [inst],smsp__sass_thread_inst_executed_op_integer_pred_on.sum.peak_sustained_elapsed.per_second [inst/nsecond],smsp__sass_thread_inst_executed_op_integer_pred_on.sum.peak_sustained_frame [inst],smsp__sass_thread_inst_executed_op_integer_pred_on.sum.peak_sustained_frame.per_second [inst/nsecond],smsp__sass_thread_inst_executed_op_integer_pred_on.sum.peak_sustained_region [inst],smsp__sass_thread_inst_executed_op_integer_pred_on.sum.peak_sustained_region.per_second [inst/nsecond],smsp__sass_thread_inst_executed_op_integer_pred_on.sum.per_cycle_active [inst/cycle],smsp__sass_thread_inst_executed_op_integer_pred_on.sum.per_cycle_elapsed [inst/cycle],smsp__sass_thread_inst_executed_op_integer_pred_on.sum.per_cycle_in_frame [inst/cycle],smsp__sass_thread_inst_executed_op_integer_pred_on.sum.per_cycle_in_region [inst/cycle],smsp__sass_thread_inst_executed_op_integer_pred_on.sum.per_second [inst/nsecond]
"k_compute_batched_ptrs(const __half *, const __half *, char *, const void **, void **, long, long, long, unsigned long, unsigned long, unsigned long, unsigned long, unsigned long, unsigned long, long, long)",0.0,0.0,0.0,0.0,0.0,0.0,0.25,1.98,1.18,677.9025,403.385,677.9025,403.385,677.9025,403.385,0.0,0.0,0.0,0.0,0.0,0.0,0.0,0.0,0.0,0.0,0.25,1.98,1.18,677.9025,403.385,677.9025,403.385,677.9025,403.385,0.0,0.0,0.0,0.0,0.0,0.0,0.0,0.0,0.0,0.0,0.25,1.98,1.18,677.9025,403.385,677.9025,403.385,677.9025,403.385,0.0,0.0,0.0,0.0,0.0,0.0,0.0,0.0,0.0,0.0,40.0,317.375,0.1875,108464.5,64.53999999999999,108464.5,64.53999999999999,108464.5,64.53999999999999,0.0,0.0,0.0,0.0,0.0,0.0,0.0,0.0,0.0,0.0,0.25,1.98,1.18,677.9025,403.385,677.9025,403.385,677.9025,403.385,0.0,0.0,0.0,0.0,0.0,0.0,0.0,0.0,0.0,0.0,0.25,1.98,1.18,677.9025,403.385,677.9025,403.385,677.9025,403.385,0.0,0.0,0.0,0.0,0.0,0.0,0.0,0.0,0.0,0.0,0.25,1.98,1.18,677.9025,403.385,677.9025,403.385,677.9025,403.385,0.0,0.0,0.0,0.0,0.0,0.0,0.0,0.0,0.0,0.0,40.0,317.375,0.1875,108464.5,64.53999999999999,108464.5,64.53999999999999,108464.5,64.53999999999999,0.0,0.0,0.0,0.0,0.0,0.0,0.0,0.0,0.0,0.0,2560.0,20312.0,12.09,6941728.0,4130.68,6941728.0,4130.68,6941728.0,4130.68,0.0,0.0,0.0,0.0,0.0,64.0,0.16,0.0,0.0,0.0,5120.0,40624.0,24.175,13883456.0,8261.3575,13883456.0,8261.3575,13883456.0,8261.3575,8.0725,0.02,0.02,0.02,0.04,0.0,0.0,0.0,0.0,0.0,320.0,2539.0,1.5125,867716.0,516.335,867716.0,516.335,867716.0,516.335,0.0,0.0,0.0,0.0,0.0,2062.0,5.08,0.01,0.01,0.01,5120.0,40624.0,24.175,13883456.0,8261.3575,13883456.0,8261.3575,13883456.0,8261.3575,260.1725,0.76,0.76,0.76,1.2275
"k_sum_rows_f32(const float *, float *, int)",0.0,0.0,0.0,0.0,0.0,0.0,0.25,2.33,1.295,727.36,403.875,727.36,403.875,727.36,403.875,0.0,0.0,0.0,0.0,0.0,0.0,0.0,0.0,0.0,0.0,0.25,2.33,1.295,727.36,403.875,727.36,403.875,727.36,403.875,0.0,0.0,0.0,0.0,0.0,0.0,0.0,0.0,0.0,0.0,0.25,2.33,1.295,727.36,403.875,727.36,403.875,727.36,403.875,0.0,0.0,0.0,0.0,0.0,0.0,0.0,0.0,0.0,0.0,40.0,373.125,0.20500000000000002,116378.0,64.62,116378.0,64.62,116378.0,64.62,0.0,0.0,0.0,0.0,0.0,0.0,0.0,0.0,0.0,0.0,0.25,2.33,1.295,727.36,403.875,727.36,403.875,727.36,403.875,0.0,0.0,0.0,0.0,0.0,0.0,0.0,0.0,0.0,0.0,0.25,2.33,1.295,727.36,403.875,727.36,403.875,727.36,403.875,0.0,0.0,0.0,0.0,0.0,0.0,0.0,0.0,0.0,0.0,0.25,2.33,1.295,727.36,403.875,727.36,403.875,727.36,403.875,0.0,0.0,0.0,0.0,0.0,0.0,0.0,0.0,0.0,0.0,40.0,373.125,0.20500000000000002,116378.0,64.62,116378.0,64.62,116378.0,64.62,0.0,0.0,0.0,0.0,0.0,0.0,0.0,0.0,0.0,0.0,2560.0,23880.0,13.254999999999999,7448192.0,4135.685,7448192.0,4135.685,7448192.0,4135.685,0.0,0.0,0.0,0.0,0.0,131.0,0.275,0.0,0.0,0.0,5120.0,47760.0,26.515,14896384.0,8271.369999999999,14896384.0,8271.369999999999,14896384.0,8271.369999999999,14.059999999999999,0.045,0.045,0.045,0.07,0.0,0.0,0.0,0.0,0.0,320.0,2985.0,1.655,931024.0,516.96,931024.0,516.96,931024.0,516.96,0.0,0.0,0.0,0.0,0.0,73.0,0.155,0.0,0.0,0.0,5120.0,47760.0,26.515,14896384.0,8271.369999999999,14896384.0,8271.369999999999,14896384.0,8271.369999999999,7.835,0.025,0.025,0.025,0.04
"quantize_q8_1(const float *, void *, int, int)",0.0,0.0,0.0,0.0,0.0,0.0,0.25,217.9372222222222,107.64611111111111,799.7205555555555,402.7105555555556,799.7205555555555,402.7105555555556,799.7205555555555,402.7105555555556,0.0,0.0,0.0,0.0,0.0,0.0,0.0,0.0,0.0,0.0,0.25,217.9372222222222,107.64611111111111,799.7205555555555,402.7105555555556,799.7205555555555,402.7105555555556,799.7205555555555,402.7105555555556,0.0,0.0,0.0,0.0,0.0,0.0,0.0,0.0,0.0,0.0,0.25,217.9372222222222,107.64611111111111,799.7205555555555,402.7105555555556,799.7205555555555,402.7105555555556,799.7205555555555,402.7105555555556,0.0,0.0,0.0,0.0,0.0,0.0,0.0,0.0,0.0,0.0,40.0,34870.069444444445,17.22277777777778,127955.11111111111,64.43444444444444,127955.11111111111,64.43444444444444,127955.11111111111,64.43444444444444,0.0,0.0,0.0,0.0,0.0,0.0,0.0,0.0,0.0,0.0,0.25,217.9372222222222,107.64611111111111,799.7205555555555,402.7105555555556,799.7205555555555,402.7105555555556,799.7205555555555,402.7105555555556,0.0,0.0,0.0,0.0,0.0,0.0,0.0,0.0,0.0,0.0,0.25,217.9372222222222,107.64611111111111,799.7205555555555,402.7105555555556,799.7205555555555,402.7105555555556,799.7205555555555,402.7105555555556,0.0,0.0,0.0,0.0,0.0,0.0,0.0,0.0,0.0,0.0,0.25,217.9372222222222,107.64611111111111,799.7205555555555,402.7105555555556,799.7205555555555,402.7105555555556,799.7205555555555,402.7105555555556,0.0,0.0,0.0,0.0,0.0,0.0,0.0,0.0,0.0,0.0,40.0,34870.069444444445,17.22277777777778,127955.11111111111,64.43444444444444,127955.11111111111,64.43444444444444,127955.11111111111,64.43444444444444,0.0,0.0,0.0,0.0,0.0,0.0,0.0,0.0,0.0,0.0,2560.0,2231684.4444444445,1102.2855555555554,8189127.111111111,4123.750555555555,8189127.111111111,4123.750555555555,8189127.111111111,4123.750555555555,0.0,0.0,0.0,0.0,0.0,95772.44444444444,2.032222222222222,0.5705555555555555,0.5705555555555555,0.5705555555555555,5120.0,4463368.888888889,2204.5733333333333,16378254.222222222,8247.502777777778,16378254.222222222,8247.502777777778,16378254.222222222,8247.502777777778,104.03888888888889,29.244999999999997,29.244999999999997,29.244999999999997,47.02111111111111,0.0,0.0,0.0,0.0,0.0,320.0,278960.55555555556,137.78611111111113,1023640.8888888889,515.468888888889,1023640.8888888889,515.468888888889,1023640.8888888889,515.468888888889,0.0,0.0,0.0,0.0,0.0,134599.11111111112,2.855,0.8022222222222223,0.8022222222222223,0.8022222222222223,5120.0,4463368.888888889,2204.5733333333333,16378254.222222222,8247.502777777778,16378254.222222222,8247.502777777778,16378254.222222222,8247.502777777778,146.215,41.099999999999994,41.099999999999994,41.099999999999994,66.085
"silu_f32(const float *, float *, int)",0.0,0.0,0.0,0.0,0.0,0.0,0.25,330.78,176.87,753.0325,402.615,753.0325,402.615,753.0325,402.615,0.0,0.0,0.0,0.0,0.0,0.0,0.0,0.0,0.0,0.0,0.25,330.78,176.87,753.0325,402.615,753.0325,402.615,753.0325,402.615,0.0,0.0,0.0,0.0,0.0,0.0,0.0,0.0,0.0,0.0,0.25,330.78,176.87,753.0325,402.615,753.0325,402.615,753.0325,402.615,0.0,0.0,0.0,0.0,0.0,0.0,0.0,0.0,0.0,0.0,40.0,52925.3125,28.3,120485.0,64.42,120485.0,64.42,120485.0,64.42,0.0,0.0,0.0,0.0,0.0,0.0,0.0,0.0,0.0,0.0,0.25,330.78,176.87,753.0325,402.615,753.0325,402.615,753.0325,402.615,0.0,0.0,0.0,0.0,0.0,0.0,0.0,0.0,0.0,0.0,0.25,330.78,176.87,753.0325,402.615,753.0325,402.615,753.0325,402.615,0.0,0.0,0.0,0.0,0.0,0.0,0.0,0.0,0.0,0.0,0.25,330.78,176.87,753.0325,402.615,753.0325,402.615,753.0325,402.615,0.0,0.0,0.0,0.0,0.0,0.0,0.0,0.0,0.0,0.0,40.0,52925.3125,28.3,120485.0,64.42,120485.0,64.42,120485.0,64.42,0.0,0.0,0.0,0.0,0.0,0.0,0.0,0.0,0.0,0.0,2560.0,3387220.0,1811.16,7711040.0,4122.7875,7711040.0,4122.7875,7711040.0,4122.7875,0.0,0.0,0.0,0.0,0.0,71680.0,1.06,0.4625,0.4625,0.4625,5120.0,6774440.0,3622.32,15422080.0,8245.5725,15422080.0,8245.5725,15422080.0,8245.5725,54.175,23.8,23.8,23.8,38.3275,0.0,0.0,0.0,0.0,0.0,320.0,423402.5,226.395,963880.0,515.3475000000001,963880.0,515.3475000000001,963880.0,515.3475000000001,0.0,0.0,0.0,0.0,0.0,57344.0,0.85,0.3725,0.3725,0.3725,5120.0,6774440.0,3622.32,15422080.0,8245.5725,15422080.0,8245.5725,15422080.0,8245.5725,43.34,19.04,19.04,19.04,30.6625
turing_h1688gemm_256x64_ldg8_stages_32x1_tn,29.86,307.20000000000005,14.9475,10.0725,10.0725,10.0725,0.25,2010.9850000000001,267.3825,2988.6475,397.5675,2988.6475,397.5675,2988.6475,397.5675,0.04,0.025,0.025,0.025,40.027499999999996,384.0,18.68,12.595,12.595,12.595,0.25,2010.9850000000001,267.3825,2988.6475,397.5675,2988.6475,397.5675,2988.6475,397.5675,0.0475,0.030000000000000002,0.030000000000000002,0.030000000000000002,50.0375,0.0,0.0,0.0,0.0,0.0,0.25,2010.9850000000001,267.3825,2988.6475,397.5675,2988.6475,397.5675,2988.6475,397.5675,0.0,0.0,0.0,0.0,0.0,49152.0,14.9475,10.0725,10.0725,10.0725,40.0,321757.1875,42.78,478183.5,63.61,478183.5,63.61,478183.5,63.61,5.9775,4.03,4.03,4.03,6.405,0.0,0.0,0.0,0.0,0.0,0.25,2010.9850000000001,267.3825,2988.6475,397.5675,2988.6475,397.5675,2988.6475,397.5675,0.0,0.0,0.0,0.0,0.0,0.0,0.0,0.0,0.0,0.0,0.25,2010.9850000000001,267.3825,2988.6475,397.5675,2988.6475,397.5675,2988.6475,397.5675,0.0,0.0,0.0,0.0,0.0,0.0,0.0,0.0,0.0,0.0,0.25,2010.9850000000001,267.3825,2988.6475,397.5675,2988.6475,397.5675,2988.6475,397.5675,0.0,0.0,0.0,0.0,0.0,0.0,0.0,0.0,0.0,0.0,40.0,321757.1875,42.78,478183.5,63.61,478183.5,63.61,478183.5,63.61,0.0,0.0,0.0,0.0,0.0,1839104.0,8.7775,5.9125,5.9125,5.9125,2560.0,20592460.0,2738.0150000000003,30603744.0,4071.0924999999997,30603744.0,4071.0924999999997,30603744.0,4071.0924999999997,224.6825,151.35750000000002,151.35750000000002,151.35750000000002,240.59500000000003,0.0,0.0,0.0,0.0,0.0,5120.0,41184920.0,5476.025,61207488.0,8142.1825,61207488.0,8142.1825,61207488.0,8142.1825,0.0,0.0,0.0,0.0,0.0,0.0,0.0,0.0,0.0,0.0,320.0,2574057.5,342.2525,3825468.0,508.8875,3825468.0,508.8875,3825468.0,508.8875,0.0,0.0,0.0,0.0,0.0,1775616.0,4.3225,2.9050000000000002,2.9050000000000002,2.9050000000000002,5120.0,41184920.0,5476.025,61207488.0,8142.1825,61207488.0,8142.1825,61207488.0,8142.1825,221.425,148.78,148.78,148.78,236.6025
"void convert_unary<__half, float>(const void *, T2 *, int)",0.0,0.0,0.0,0.0,0.0,0.0,0.25,90.68,52.855000000000004,688.255,402.9025,688.255,402.9025,688.255,402.9025,0.0,0.0,0.0,0.0,0.0,0.0,0.0,0.0,0.0,0.0,0.25,90.68,52.855000000000004,688.255,402.9025,688.255,402.9025,688.255,402.9025,0.0,0.0,0.0,0.0,0.0,0.0,0.0,0.0,0.0,0.0,0.25,90.68,52.855000000000004,688.255,402.9025,688.255,402.9025,688.255,402.9025,0.0,0.0,0.0,0.0,0.0,0.0,0.0,0.0,0.0,0.0,40.0,14508.3125,8.455,110120.5,64.4625,110120.5,64.4625,110120.5,64.4625,0.0,0.0,0.0,0.0,0.0,0.0,0.0,0.0,0.0,0.0,0.25,90.68,52.855000000000004,688.255,402.9025,688.255,402.9025,688.255,402.9025,0.0,0.0,0.0,0.0,0.0,0.0,0.0,0.0,0.0,0.0,0.25,90.68,52.855000000000004,688.255,402.9025,688.255,402.9025,688.255,402.9025,0.0,0.0,0.0,0.0,0.0,0.0,0.0,0.0,0.0,0.0,0.25,90.68,52.855000000000004,688.255,402.9025,688.255,402.9025,688.255,402.9025,0.0,0.0,0.0,0.0,0.0,0.0,0.0,0.0,0.0,0.0,40.0,14508.3125,8.455,110120.5,64.4625,110120.5,64.4625,110120.5,64.4625,0.0,0.0,0.0,0.0,0.0,3072.0,0.3275,0.045,0.045,0.045,2560.0,928532.0,541.23,7047712.0,4125.695,7047712.0,4125.695,7047712.0,4125.695,8.4575,1.115,1.115,1.115,1.79,0.0,0.0,0.0,0.0,0.0,5120.0,1857064.0,1082.4575,14095424.0,8251.3875,14095424.0,8251.3875,14095424.0,8251.3875,0.0,0.0,0.0,0.0,0.0,0.0,0.0,0.0,0.0,0.0,320.0,116066.5,67.655,880964.0,515.71,880964.0,515.71,880964.0,515.71,0.0,0.0,0.0,0.0,0.0,12288.0,0.6625000000000001,0.0875,0.0875,0.0875,5120.0,1857064.0,1082.4575,14095424.0,8251.3875,14095424.0,8251.3875,14095424.0,8251.3875,33.8325,4.452500000000001,4.452500000000001,4.452500000000001,7.165
"void convert_unary<float, __half>(const void *, T2 *, int)",0.0,0.0,0.0,0.0,0.0,0.0,0.25,95.64,55.24249999999999,698.6525,403.5,698.6525,403.5,698.6525,403.5,0.0,0.0,0.0,0.0,0.0,0.0,0.0,0.0,0.0,0.0,0.25,95.64,55.24249999999999,698.6525,403.5,698.6525,403.5,698.6525,403.5,0.0,0.0,0.0,0.0,0.0,0.0,0.0,0.0,0.0,0.0,0.25,95.64,55.24249999999999,698.6525,403.5,698.6525,403.5,698.6525,403.5,0.0,0.0,0.0,0.0,0.0,0.0,0.0,0.0,0.0,0.0,40.0,15302.4375,8.8375,111784.5,64.5625,111784.5,64.5625,111784.5,64.5625,0.0,0.0,0.0,0.0,0.0,0.0,0.0,0.0,0.0,0.0,0.25,95.64,55.24249999999999,698.6525,403.5,698.6525,403.5,698.6525,403.5,0.0,0.0,0.0,0.0,0.0,0.0,0.0,0.0,0.0,0.0,0.25,95.64,55.24249999999999,698.6525,403.5,698.6525,403.5,698.6525,403.5,0.0,0.0,0.0,0.0,0.0,0.0,0.0,0.0,0.0,0.0,0.25,95.64,55.24249999999999,698.6525,403.5,698.6525,403.5,698.6525,403.5,0.0,0.0,0.0,0.0,0.0,0.0,0.0,0.0,0.0,0.0,40.0,15302.4375,8.8375,111784.5,64.5625,111784.5,64.5625,111784.5,64.5625,0.0,0.0,0.0,0.0,0.0,0.0,0.0,0.0,0.0,0.0,2560.0,979356.0,565.6625,7154208.0,4131.865,7154208.0,4131.865,7154208.0,4131.865,0.0,0.0,0.0,0.0,0.0,0.0,0.0,0.0,0.0,0.0,5120.0,1958712.0,1131.3200000000002,14308416.0,8263.727499999999,14308416.0,8263.727499999999,14308416.0,8263.727499999999,0.0,0.0,0.0,0.0,0.0,0.0,0.0,0.0,0.0,0.0,320.0,122419.5,70.7075,894276.0,516.48,894276.0,516.48,894276.0,516.48,0.0,0.0,0.0,0.0,0.0,12288.0,0.6425000000000001,0.0875,0.0875,0.0875,5120.0,1958712.0,1131.3200000000002,14308416.0,8263.727499999999,14308416.0,8263.727499999999,14308416.0,8263.727499999999,32.725,4.4,4.4,4.4,7.1
"void cpy_f32_f16<&cpy_1_f32_f16>(const char *, char *, int, int, int, int, int, int, int, int, int, int, int)",0.0,0.0,0.0,0.0,0.0,0.0,0.25,73.75,38.9475,764.05,403.5,764.05,403.5,764.05,403.5,0.0,0.0,0.0,0.0,0.0,0.0,0.0,0.0,0.0,0.0,0.25,73.75,38.9475,764.05,403.5,764.05,403.5,764.05,403.5,0.0,0.0,0.0,0.0,0.0,0.0,0.0,0.0,0.0,0.0,0.25,73.75,38.9475,764.05,403.5,764.05,403.5,764.05,403.5,0.0,0.0,0.0,0.0,0.0,0.0,0.0,0.0,0.0,0.0,40.0,11799.8125,6.2325,122248.0,64.5575,122248.0,64.5575,122248.0,64.5575,0.0,0.0,0.0,0.0,0.0,0.0,0.0,0.0,0.0,0.0,0.25,73.75,38.9475,764.05,403.5,764.05,403.5,764.05,403.5,0.0,0.0,0.0,0.0,0.0,0.0,0.0,0.0,0.0,0.0,0.25,73.75,38.9475,764.05,403.5,764.05,403.5,764.05,403.5,0.0,0.0,0.0,0.0,0.0,0.0,0.0,0.0,0.0,0.0,0.25,73.75,38.9475,764.05,403.5,764.05,403.5,764.05,403.5,0.0,0.0,0.0,0.0,0.0,0.0,0.0,0.0,0.0,0.0,40.0,11799.8125,6.2325,122248.0,64.5575,122248.0,64.5575,122248.0,64.5575,0.0,0.0,0.0,0.0,0.0,0.0,0.0,0.0,0.0,0.0,2560.0,755188.0,398.8225,7823872.0,4131.8425,7823872.0,4131.8425,7823872.0,4131.8425,0.0,0.0,0.0,0.0,0.0,4096.0,0.27,0.03,0.03,0.03,5120.0,1510376.0,797.645,15647744.0,8263.685000000001,15647744.0,8263.685000000001,15647744.0,8263.685000000001,13.8925,1.3425,1.3425,1.3425,2.165,0.0,0.0,0.0,0.0,0.0,320.0,94398.5,49.8525,977984.0,516.4825000000001,977984.0,516.4825000000001,977984.0,516.4825000000001,0.0,0.0,0.0,0.0,0.0,91141.0,6.035,0.58,0.58,0.58,5120.0,1510376.0,797.645,15647744.0,8263.685000000001,15647744.0,8263.685000000001,15647744.0,8263.685000000001,308.9925,29.82,29.82,29.82,48.1325
"void cpy_f32_f16<&cpy_1_f32_f32>(const char *, char *, int, int, int, int, int, int, int, int, int, int, int)",0.0,0.0,0.0,0.0,0.0,0.0,0.25,274.04,140.93,784.45,403.43,784.45,403.43,784.45,403.43,0.0,0.0,0.0,0.0,0.0,0.0,0.0,0.0,0.0,0.0,0.25,274.04,140.93,784.45,403.43,784.45,403.43,784.45,403.43,0.0,0.0,0.0,0.0,0.0,0.0,0.0,0.0,0.0,0.0,0.25,274.04,140.93,784.45,403.43,784.45,403.43,784.45,403.43,0.0,0.0,0.0,0.0,0.0,0.0,0.0,0.0,0.0,0.0,40.0,43846.0,22.55,125512.0,64.55,125512.0,64.55,125512.0,64.55,0.0,0.0,0.0,0.0,0.0,0.0,0.0,0.0,0.0,0.0,0.25,274.04,140.93,784.45,403.43,784.45,403.43,784.45,403.43,0.0,0.0,0.0,0.0,0.0,0.0,0.0,0.0,0.0,0.0,0.25,274.04,140.93,784.45,403.43,784.45,403.43,784.45,403.43,0.0,0.0,0.0,0.0,0.0,0.0,0.0,0.0,0.0,0.0,0.25,274.04,140.93,784.45,403.43,784.45,403.43,784.45,403.43,0.0,0.0,0.0,0.0,0.0,0.0,0.0,0.0,0.0,0.0,40.0,43846.0,22.55,125512.0,64.55,125512.0,64.55,125512.0,64.55,0.0,0.0,0.0,0.0,0.0,0.0,0.0,0.0,0.0,0.0,2560.0,2806144.0,1443.16,8032768.0,4131.14,8032768.0,4131.14,8032768.0,4131.14,0.0,0.0,0.0,0.0,0.0,16384.0,0.29,0.1,0.1,0.1,5120.0,5612288.0,2886.32,16065536.0,8262.28,16065536.0,8262.28,16065536.0,8262.28,14.95,5.22,5.22,5.22,8.43,0.0,0.0,0.0,0.0,0.0,320.0,350768.0,180.39,1004096.0,516.39,1004096.0,516.39,1004096.0,516.39,0.0,0.0,0.0,0.0,0.0,356414.0,6.35,2.22,2.22,2.22,5120.0,5612288.0,2886.32,16065536.0,8262.28,16065536.0,8262.28,16065536.0,8262.28,325.15,113.59,113.59,113.59,183.3
"void dequantize_mul_mat_vec<(int)1, (int)1, &convert_f16>(const void *, const float *, float *, int, int)",0.0,0.0,0.0,0.0,0.0,0.0,0.25,132.45,18.39,2902.57,402.93,2902.57,402.93,2902.57,402.93,0.0,0.0,0.0,0.0,0.0,0.0,0.0,0.0,0.0,0.0,0.25,132.45,18.39,2902.57,402.93,2902.57,402.93,2902.57,402.93,0.0,0.0,0.0,0.0,0.0,0.0,0.0,0.0,0.0,0.0,0.25,132.45,18.39,2902.57,402.93,2902.57,402.93,2902.57,402.93,0.0,0.0,0.0,0.0,0.0,0.0,0.0,0.0,0.0,0.0,40.0,21192.75,2.94,464412.0,64.47,464412.0,64.47,464412.0,64.47,0.0,0.0,0.0,0.0,0.0,0.0,0.0,0.0,0.0,0.0,0.25,132.45,18.39,2902.57,402.93,2902.57,402.93,2902.57,402.93,0.0,0.0,0.0,0.0,0.0,0.0,0.0,0.0,0.0,0.0,0.25,132.45,18.39,2902.57,402.93,2902.57,402.93,2902.57,402.93,0.0,0.0,0.0,0.0,0.0,0.0,0.0,0.0,0.0,0.0,0.25,132.45,18.39,2902.57,402.93,2902.57,402.93,2902.57,402.93,0.0,0.0,0.0,0.0,0.0,0.0,0.0,0.0,0.0,0.0,40.0,21192.75,2.94,464412.0,64.47,464412.0,64.47,464412.0,64.47,0.0,0.0,0.0,0.0,0.0,32768.0,2.42,0.11,0.11,0.11,2560.0,1356336.0,188.28,29722368.0,4125.98,29722368.0,4125.98,29722368.0,4125.98,61.85,2.82,2.82,2.82,4.55,33800.0,1.25,0.06,0.06,0.06,5120.0,2712672.0,376.57,59444736.0,8251.97,59444736.0,8251.97,59444736.0,8251.97,63.8,2.91,2.91,2.91,4.69,0.0,0.0,0.0,0.0,0.0,320.0,169542.0,23.54,3715296.0,515.75,3715296.0,515.75,3715296.0,515.75,0.0,0.0,0.0,0.0,0.0,37896.0,1.4,0.06,0.06,0.06,5120.0,2712672.0,376.57,59444736.0,8251.97,59444736.0,8251.97,59444736.0,8251.97,71.53,3.26,3.26,3.26,5.26
"void k_argsort_f32_i32<(ggml_sort_order)1>(const float *, int *, int)",0.0,0.0,0.0,0.0,0.0,0.0,0.25,4.67,1.67,1121.51,401.07,1121.51,401.07,1121.51,401.07,0.0,0.0,0.0,0.0,0.0,0.0,0.0,0.0,0.0,0.0,0.25,4.67,1.67,1121.51,401.07,1121.51,401.07,1121.51,401.07,0.0,0.0,0.0,0.0,0.0,0.0,0.0,0.0,0.0,0.0,0.25,4.67,1.67,1121.51,401.07,1121.51,401.07,1121.51,401.07,0.0,0.0,0.0,0.0,0.0,0.0,0.0,0.0,0.0,0.0,40.0,747.75,0.27,179442.0,64.17,179442.0,64.17,179442.0,64.17,0.0,0.0,0.0,0.0,0.0,0.0,0.0,0.0,0.0,0.0,0.25,4.67,1.67,1121.51,401.07,1121.51,401.07,1121.51,401.07,0.0,0.0,0.0,0.0,0.0,0.0,0.0,0.0,0.0,0.0,0.25,4.67,1.67,1121.51,401.07,1121.51,401.07,1121.51,401.07,0.0,0.0,0.0,0.0,0.0,0.0,0.0,0.0,0.0,0.0,0.25,4.67,1.67,1121.51,401.07,1121.51,401.07,1121.51,401.07,0.0,0.0,0.0,0.0,0.0,0.0,0.0,0.0,0.0,0.0,40.0,747.75,0.27,179442.0,64.17,179442.0,64.17,179442.0,64.17,0.0,0.0,0.0,0.0,0.0,0.0,0.0,0.0,0.0,0.0,2560.0,47856.0,17.11,11484288.0,4106.96,11484288.0,4106.96,11484288.0,4106.96,0.0,0.0,0.0,0.0,0.0,24.0,0.03,0.0,0.0,0.0,5120.0,95712.0,34.23,22968576.0,8213.93,22968576.0,8213.93,22968576.0,8213.93,1.28,0.01,0.01,0.01,0.01,0.0,0.0,0.0,0.0,0.0,320.0,5982.0,2.14,1435536.0,513.37,1435536.0,513.37,1435536.0,513.37,0.0,0.0,0.0,0.0,0.0,672.0,0.7,0.0,0.0,0.0,5120.0,95712.0,34.23,22968576.0,8213.93,22968576.0,8213.93,22968576.0,8213.93,35.95,0.15,0.15,0.15,0.24
"void k_bin_bcast<&op_add, float, float, float>(const T2 *, const T3 *, T4 *, int, int, int, int, int, int, int, int, int, int, int, int, int, int)",0.0,0.0,0.0,0.0,0.0,0.0,0.25,227.83714285714285,95.69000000000001,960.64,403.25,960.64,403.25,960.64,403.25,0.0,0.0,0.0,0.0,0.0,0.0,0.0,0.0,0.0,0.0,0.25,227.83714285714285,95.69000000000001,960.64,403.25,960.64,403.25,960.64,403.25,0.0,0.0,0.0,0.0,0.0,0.0,0.0,0.0,0.0,0.0,0.25,227.83714285714285,95.69000000000001,960.64,403.25,960.64,403.25,960.64,403.25,0.0,0.0,0.0,0.0,0.0,0.0,0.0,0.0,0.0,0.0,40.0,36454.142857142855,15.308571428571428,153702.57142857142,64.52,153702.57142857142,64.52,153702.57142857142,64.52,0.0,0.0,0.0,0.0,0.0,0.0,0.0,0.0,0.0,0.0,0.25,227.83714285714285,95.69000000000001,960.64,403.25,960.64,403.25,960.64,403.25,0.0,0.0,0.0,0.0,0.0,0.0,0.0,0.0,0.0,0.0,0.25,227.83714285714285,95.69000000000001,960.64,403.25,960.64,403.25,960.64,403.25,0.0,0.0,0.0,0.0,0.0,0.0,0.0,0.0,0.0,0.0,0.25,227.83714285714285,95.69000000000001,960.64,403.25,960.64,403.25,960.64,403.25,0.0,0.0,0.0,0.0,0.0,0.0,0.0,0.0,0.0,0.0,40.0,36454.142857142855,15.308571428571428,153702.57142857142,64.52,153702.57142857142,64.52,153702.57142857142,64.52,0.0,0.0,0.0,0.0,0.0,0.0,0.0,0.0,0.0,0.0,2560.0,2333065.1428571427,979.8385714285714,9836964.57142857,4129.282857142857,9836964.57142857,4129.282857142857,9836964.57142857,4129.282857142857,0.0,0.0,0.0,0.0,0.0,14336.0,0.3071428571428571,0.07,0.07,0.07,5120.0,4666130.285714285,1959.68,19673929.14285714,8258.564285714285,19673929.14285714,8258.564285714285,19673929.14285714,8258.564285714285,15.737142857142857,3.7328571428571427,3.7328571428571427,3.7328571428571427,6.0200000000000005,0.0,0.0,0.0,0.0,0.0,320.0,291633.14285714284,122.48,1229620.5714285714,516.1614285714286,1229620.5714285714,516.1614285714286,1229620.5714285714,516.1614285714286,0.0,0.0,0.0,0.0,0.0,245760.0,5.2700000000000005,1.247142857142857,1.247142857142857,1.247142857142857,5120.0,4666130.285714285,1959.68,19673929.14285714,8258.564285714285,19673929.14285714,8258.564285714285,19673929.14285714,8258.564285714285,269.81,63.98571428571428,63.98571428571428,63.98571428571428,103.21142857142857
"void k_bin_bcast<&op_div, float, float, float>(const T2 *, const T3 *, T4 *, int, int, int, int, int, int, int, int, int, int, int, int, int, int)",0.0,0.0,0.0,0.0,0.0,0.0,0.25,3.07,1.46,852.285,404.6,852.285,404.6,852.285,404.6,0.0,0.0,0.0,0.0,0.0,0.0,0.0,0.0,0.0,0.0,0.25,3.07,1.46,852.285,404.6,852.285,404.6,852.285,404.6,0.0,0.0,0.0,0.0,0.0,0.0,0.0,0.0,0.0,0.0,0.25,3.07,1.46,852.285,404.6,852.285,404.6,852.285,404.6,0.0,0.0,0.0,0.0,0.0,0.0,0.0,0.0,0.0,0.0,40.0,490.875,0.235,136366.0,64.735,136366.0,64.735,136366.0,64.735,0.0,0.0,0.0,0.0,0.0,0.0,0.0,0.0,0.0,0.0,0.25,3.07,1.46,852.285,404.6,852.285,404.6,852.285,404.6,0.0,0.0,0.0,0.0,0.0,0.0,0.0,0.0,0.0,0.0,0.25,3.07,1.46,852.285,404.6,852.285,404.6,852.285,404.6,0.0,0.0,0.0,0.0,0.0,0.0,0.0,0.0,0.0,0.0,0.25,3.07,1.46,852.285,404.6,852.285,404.6,852.285,404.6,0.0,0.0,0.0,0.0,0.0,0.0,0.0,0.0,0.0,0.0,40.0,490.875,0.235,136366.0,64.735,136366.0,64.735,136366.0,64.735,0.0,0.0,0.0,0.0,0.0,0.0,0.0,0.0,0.0,0.0,2560.0,31416.0,14.915,8727424.0,4143.1,8727424.0,4143.1,8727424.0,4143.1,0.0,0.0,0.0,0.0,0.0,9.0,0.01,0.0,0.0,0.0,5120.0,62832.0,29.83,17454848.0,8286.2,17454848.0,8286.2,17454848.0,8286.2,0.735,0.0,0.0,0.0,0.0,0.0,0.0,0.0,0.0,0.0,320.0,3927.0,1.865,1090928.0,517.885,1090928.0,517.885,1090928.0,517.885,0.0,0.0,0.0,0.0,0.0,121.0,0.19,0.0,0.0,0.0,5120.0,62832.0,29.83,17454848.0,8286.2,17454848.0,8286.2,17454848.0,8286.2,9.86,0.04,0.04,0.04,0.06
"void k_bin_bcast<&op_mul, float, float, float>(const T2 *, const T3 *, T4 *, int, int, int, int, int, int, int, int, int, int, int, int, int, int)",0.0,0.0,0.0,0.0,0.0,0.0,0.25,354.43833333333333,143.4425,979.7416666666667,402.86583333333334,979.7416666666667,402.86583333333334,979.7416666666667,402.86583333333334,0.0,0.0,0.0,0.0,0.0,0.0,0.0,0.0,0.0,0.0,0.25,354.43833333333333,143.4425,979.7416666666667,402.86583333333334,979.7416666666667,402.86583333333334,979.7416666666667,402.86583333333334,0.0,0.0,0.0,0.0,0.0,0.0,0.0,0.0,0.0,0.0,0.25,354.43833333333333,143.4425,979.7416666666667,402.86583333333334,979.7416666666667,402.86583333333334,979.7416666666667,402.86583333333334,0.0,0.0,0.0,0.0,0.0,0.0,0.0,0.0,0.0,0.0,40.0,56710.166666666664,22.95,156758.66666666666,64.4575,156758.66666666666,64.4575,156758.66666666666,64.4575,0.0,0.0,0.0,0.0,0.0,0.0,0.0,0.0,0.0,0.0,0.25,354.43833333333333,143.4425,979.7416666666667,402.86583333333334,979.7416666666667,402.86583333333334,979.7416666666667,402.86583333333334,0.0,0.0,0.0,0.0,0.0,0.0,0.0,0.0,0.0,0.0,0.25,354.43833333333333,143.4425,979.7416666666667,402.86583333333334,979.7416666666667,402.86583333333334,979.7416666666667,402.86583333333334,0.0,0.0,0.0,0.0,0.0,0.0,0.0,0.0,0.0,0.0,0.25,354.43833333333333,143.4425,979.7416666666667,402.86583333333334,979.7416666666667,402.86583333333334,979.7416666666667,402.86583333333334,0.0,0.0,0.0,0.0,0.0,0.0,0.0,0.0,0.0,0.0,40.0,56710.166666666664,22.95,156758.66666666666,64.4575,156758.66666666666,64.4575,156758.66666666666,64.4575,0.0,0.0,0.0,0.0,0.0,0.0,0.0,0.0,0.0,0.0,2560.0,3629450.6666666665,1468.8541666666667,10032554.666666666,4125.337500000001,10032554.666666666,4125.337500000001,10032554.666666666,4125.337500000001,0.0,0.0,0.0,0.0,0.0,26282.666666666668,0.33916666666666667,0.1275,0.1275,0.1275,5120.0,7258901.333333333,2937.7058333333334,20065109.333333332,8250.6775,20065109.333333332,8250.6775,20065109.333333332,8250.6775,17.398333333333333,6.575,6.575,6.575,10.583333333333332,0.0,0.0,0.0,0.0,0.0,320.0,453681.3333333333,183.60666666666665,1254069.3333333333,515.6666666666666,1254069.3333333333,515.6666666666666,1254069.3333333333,515.6666666666666,0.0,0.0,0.0,0.0,0.0,452266.25,5.861666666666667,2.2091666666666665,2.2091666666666665,2.2091666666666665,5120.0,7258901.333333333,2937.7058333333334,20065109.333333332,8250.6775,20065109.333333332,8250.6775,20065109.333333332,8250.6775,300.12583333333333,113.15083333333332,113.15083333333332,113.15083333333332,182.14583333333334
"void k_get_rows_float<float, float>(const T1 *, const int *, T2 *, long, long, unsigned long, unsigned long, unsigned long, unsigned long, unsigned long, unsigned long, unsigned long, unsigned long, unsigned long)",0.0,0.0,0.0,0.0,0.0,0.0,0.25,15.095,6.904999999999999,883.075,404.125,883.075,404.125,883.075,404.125,0.0,0.0,0.0,0.0,0.0,0.0,0.0,0.0,0.0,0.0,0.25,15.095,6.904999999999999,883.075,404.125,883.075,404.125,883.075,404.125,0.0,0.0,0.0,0.0,0.0,0.0,0.0,0.0,0.0,0.0,0.25,15.095,6.904999999999999,883.075,404.125,883.075,404.125,883.075,404.125,0.0,0.0,0.0,0.0,0.0,0.0,0.0,0.0,0.0,0.0,40.0,2415.5,1.105,141292.0,64.66,141292.0,64.66,141292.0,64.66,0.0,0.0,0.0,0.0,0.0,0.0,0.0,0.0,0.0,0.0,0.25,15.095,6.904999999999999,883.075,404.125,883.075,404.125,883.075,404.125,0.0,0.0,0.0,0.0,0.0,0.0,0.0,0.0,0.0,0.0,0.25,15.095,6.904999999999999,883.075,404.125,883.075,404.125,883.075,404.125,0.0,0.0,0.0,0.0,0.0,0.0,0.0,0.0,0.0,0.0,0.25,15.095,6.904999999999999,883.075,404.125,883.075,404.125,883.075,404.125,0.0,0.0,0.0,0.0,0.0,0.0,0.0,0.0,0.0,0.0,40.0,2415.5,1.105,141292.0,64.66,141292.0,64.66,141292.0,64.66,0.0,0.0,0.0,0.0,0.0,0.0,0.0,0.0,0.0,0.0,2560.0,154592.0,70.725,9042688.0,4138.225,9042688.0,4138.225,9042688.0,4138.225,0.0,0.0,0.0,0.0,0.0,512.0,0.165,0.0,0.0,0.0,5120.0,309184.0,141.45,18085376.0,8276.455,18085376.0,8276.455,18085376.0,8276.455,8.489999999999998,0.14500000000000002,0.14500000000000002,0.14500000000000002,0.235,0.0,0.0,0.0,0.0,0.0,320.0,19324.0,8.84,1130336.0,517.28,1130336.0,517.28,1130336.0,517.28,0.0,0.0,0.0,0.0,0.0,9824.0,3.1799999999999997,0.05,0.05,0.05,5120.0,309184.0,141.45,18085376.0,8276.455,18085376.0,8276.455,18085376.0,8276.455,162.885,2.7800000000000002,2.7800000000000002,2.7800000000000002,4.495
"void mul_mat_vec_q<(int)32, (int)4, block_q4_0, (int)2, &vec_dot_q4_0_q8_1>(const void *, const void *, float *, int, int)",0.059333333333333335,0.0,0.0,0.0,0.0,0.0,0.25,30621.504666666668,381.1226666666667,31540.155333333336,394.20866666666666,31540.155333333336,394.20866666666666,31540.155333333336,394.20866666666666,0.0,0.0,0.0,0.0,0.0,0.0,0.0,0.0,0.0,0.0,0.25,30621.504666666668,381.1226666666667,31540.155333333336,394.20866666666666,31540.155333333336,394.20866666666666,31540.155333333336,394.20866666666666,0.0,0.0,0.0,0.0,0.0,0.0,0.0,0.0,0.0,0.0,0.25,30621.504666666668,381.1226666666667,31540.155333333336,394.20866666666666,31540.155333333336,394.20866666666666,31540.155333333336,394.20866666666666,0.0,0.0,0.0,0.0,0.0,0.0,0.0,0.0,0.0,0.0,40.0,4899440.816666666,60.97866666666666,5046424.666666667,63.074,5046424.666666667,63.074,5046424.666666667,63.074,0.0,0.0,0.0,0.0,0.0,0.0,0.0,0.0,0.0,0.0,0.25,30621.504666666668,381.1226666666667,31540.155333333336,394.20866666666666,31540.155333333336,394.20866666666666,31540.155333333336,394.20866666666666,0.0,0.0,0.0,0.0,0.0,0.0,0.0,0.0,0.0,0.0,0.25,30621.504666666668,381.1226666666667,31540.155333333336,394.20866666666666,31540.155333333336,394.20866666666666,31540.155333333336,394.20866666666666,0.0,0.0,0.0,0.0,0.0,0.0,0.0,0.0,0.0,0.0,0.25,30621.504666666668,381.1226666666667,31540.155333333336,394.20866666666666,31540.155333333336,394.20866666666666,31540.155333333336,394.20866666666666,0.0,0.0,0.0,0.0,0.0,0.0,0.0,0.0,0.0,0.0,40.0,4899440.816666666,60.97866666666666,5046424.666666667,63.074,5046424.666666667,63.074,5046424.666666667,63.074,0.0,0.0,0.0,0.0,0.0,9437184.0,2.9953333333333334,2.896,2.896,2.896,2560.0,313564212.26666665,3902.6986666666667,322971178.6666667,4036.6873333333333,322971178.6666667,4036.6873333333333,322971178.6666667,4036.6873333333333,76.66799999999999,74.13000000000001,74.13000000000001,74.13000000000001,116.904,10670080.0,1.7006666666666668,1.6426666666666667,1.6426666666666667,1.6426666666666667,5120.0,627128424.5333333,7805.3966666666665,645942357.3333334,8073.375333333333,645942357.3333334,8073.375333333333,645942357.3333334,8073.375333333333,87.088,84.21066666666667,84.21066666666667,84.21066666666667,132.79,0.0,0.0,0.0,0.0,0.0,320.0,39195526.53333333,487.83733333333333,40371397.333333336,504.5853333333333,40371397.333333336,504.5853333333333,40371397.333333336,504.5853333333333,0.0,0.0,0.0,0.0,0.0,56991744.0,9.106,8.806000000000001,8.806000000000001,8.806000000000001,5120.0,627128424.5333333,7805.3966666666665,645942357.3333334,8073.375333333333,645942357.3333334,8073.375333333333,645942357.3333334,8073.375333333333,466.21733333333333,450.83133333333336,450.83133333333336,450.83133333333336,710.8726666666666
"void mul_mat_vec_q<(int)32, (int)8, block_q8_0, (int)2, &vec_dot_q8_0_q8_1>(const void *, const void *, float *, int, int)",0.02,0.0,0.0,0.0,0.0,0.0,0.25,4845.3225,365.02750000000003,5172.5075,389.6975,5172.5075,389.6975,5172.5075,389.6975,0.0,0.0,0.0,0.0,0.0,0.0,0.0,0.0,0.0,0.0,0.25,4845.3225,365.02750000000003,5172.5075,389.6975,5172.5075,389.6975,5172.5075,389.6975,0.0,0.0,0.0,0.0,0.0,0.0,0.0,0.0,0.0,0.0,0.25,4845.3225,365.02750000000003,5172.5075,389.6975,5172.5075,389.6975,5172.5075,389.6975,0.0,0.0,0.0,0.0,0.0,0.0,0.0,0.0,0.0,0.0,40.0,775251.5625,58.405,827601.0,62.3525,827601.0,62.3525,827601.0,62.3525,0.0,0.0,0.0,0.0,0.0,0.0,0.0,0.0,0.0,0.0,0.25,4845.3225,365.02750000000003,5172.5075,389.6975,5172.5075,389.6975,5172.5075,389.6975,0.0,0.0,0.0,0.0,0.0,0.0,0.0,0.0,0.0,0.0,0.25,4845.3225,365.02750000000003,5172.5075,389.6975,5172.5075,389.6975,5172.5075,389.6975,0.0,0.0,0.0,0.0,0.0,0.0,0.0,0.0,0.0,0.0,0.25,4845.3225,365.02750000000003,5172.5075,389.6975,5172.5075,389.6975,5172.5075,389.6975,0.0,0.0,0.0,0.0,0.0,0.0,0.0,0.0,0.0,0.0,40.0,775251.5625,58.405,827601.0,62.3525,827601.0,62.3525,827601.0,62.3525,0.0,0.0,0.0,0.0,0.0,1048576.0,2.145,1.9825,1.9825,1.9825,2560.0,49616100.0,3737.885,52966464.0,3990.4975,52966464.0,3990.4975,52966464.0,3990.4975,54.8575,50.6825,50.6825,50.6825,79.0025,1180672.0,1.21,1.1150000000000002,1.1150000000000002,1.1150000000000002,5120.0,99232200.0,7475.765,105932928.0,7980.9925,105932928.0,7980.9925,105932928.0,7980.9925,61.7675,57.067499999999995,57.067499999999995,57.067499999999995,88.955,0.0,0.0,0.0,0.0,0.0,320.0,6202012.5,467.235,6620808.0,498.8125,6620808.0,498.8125,6620808.0,498.8125,0.0,0.0,0.0,0.0,0.0,3245056.0,3.3175,3.0625,3.0625,3.0625,5120.0,99232200.0,7475.765,105932928.0,7980.9925,105932928.0,7980.9925,105932928.0,7980.9925,169.7725,156.8425,156.8425,156.8425,244.4875
"void rms_norm_f32<(int)1024>(const float *, float *, int, float)",0.0,0.0,0.0,0.0,0.0,0.0,0.25,22.185,6.6525,1348.225,403.9075,1348.225,403.9075,1348.225,403.9075,0.0,0.0,0.0,0.0,0.0,0.0,0.0,0.0,0.0,0.0,0.25,22.185,6.6525,1348.225,403.9075,1348.225,403.9075,1348.225,403.9075,0.0,0.0,0.0,0.0,0.0,0.0,0.0,0.0,0.0,0.0,0.25,22.185,6.6525,1348.225,403.9075,1348.225,403.9075,1348.225,403.9075,0.0,0.0,0.0,0.0,0.0,0.0,0.0,0.0,0.0,0.0,40.0,3549.25,1.065,215716.0,64.625,215716.0,64.625,215716.0,64.625,0.0,0.0,0.0,0.0,0.0,0.0,0.0,0.0,0.0,0.0,0.25,22.185,6.6525,1348.225,403.9075,1348.225,403.9075,1348.225,403.9075,0.0,0.0,0.0,0.0,0.0,0.0,0.0,0.0,0.0,0.0,0.25,22.185,6.6525,1348.225,403.9075,1348.225,403.9075,1348.225,403.9075,0.0,0.0,0.0,0.0,0.0,0.0,0.0,0.0,0.0,0.0,0.25,22.185,6.6525,1348.225,403.9075,1348.225,403.9075,1348.225,403.9075,0.0,0.0,0.0,0.0,0.0,0.0,0.0,0.0,0.0,0.0,40.0,3549.25,1.065,215716.0,64.625,215716.0,64.625,215716.0,64.625,0.0,0.0,0.0,0.0,0.0,0.0,0.0,0.0,0.0,0.0,2560.0,227152.0,68.13,13805824.0,4136.01,13805824.0,4136.01,13805824.0,4136.01,0.0,0.0,0.0,0.0,0.0,21504.0,4.76,0.0825,0.0825,0.0825,5120.0,454304.0,136.26,27611648.0,8272.02,27611648.0,8272.02,27611648.0,8272.02,243.585,3.9975,3.9975,3.9975,6.46,0.0,0.0,0.0,0.0,0.0,320.0,28394.0,8.515,1725728.0,517.0025,1725728.0,517.0025,1725728.0,517.0025,0.0,0.0,0.0,0.0,0.0,34880.0,7.7175,0.125,0.125,0.125,5120.0,454304.0,136.26,27611648.0,8272.02,27611648.0,8272.02,27611648.0,8272.02,395.1,6.4875,6.4875,6.4875,10.4775
"void rope<float, (bool)1>(const T1 *, T1 *, int, const int *, float, int, float, float, float, rope_corr_dims)",0.0,0.0,0.0,0.0,0.0,0.0,0.25,131.505,70.88,745.0875,403.855,745.0875,403.855,745.0875,403.855,0.0,0.0,0.0,0.0,0.0,0.0,0.0,0.0,0.0,0.0,0.25,131.505,70.88,745.0875,403.855,745.0875,403.855,745.0875,403.855,0.0,0.0,0.0,0.0,0.0,0.0,0.0,0.0,0.0,0.0,0.25,131.505,70.88,745.0875,403.855,745.0875,403.855,745.0875,403.855,0.0,0.0,0.0,0.0,0.0,0.0,0.0,0.0,0.0,0.0,40.0,21041.0,11.34,119214.0,64.6175,119214.0,64.6175,119214.0,64.6175,0.0,0.0,0.0,0.0,0.0,0.0,0.0,0.0,0.0,0.0,0.25,131.505,70.88,745.0875,403.855,745.0875,403.855,745.0875,403.855,0.0,0.0,0.0,0.0,0.0,0.0,0.0,0.0,0.0,0.0,0.25,131.505,70.88,745.0875,403.855,745.0875,403.855,745.0875,403.855,0.0,0.0,0.0,0.0,0.0,0.0,0.0,0.0,0.0,0.0,0.25,131.505,70.88,745.0875,403.855,745.0875,403.855,745.0875,403.855,0.0,0.0,0.0,0.0,0.0,0.0,0.0,0.0,0.0,0.0,40.0,21041.0,11.34,119214.0,64.6175,119214.0,64.6175,119214.0,64.6175,0.0,0.0,0.0,0.0,0.0,0.0,0.0,0.0,0.0,0.0,2560.0,1346624.0,725.8074999999999,7629696.0,4135.4775,7629696.0,4135.4775,7629696.0,4135.4775,0.0,0.0,0.0,0.0,0.0,23040.0,0.86,0.15,0.15,0.15,5120.0,2693248.0,1451.615,15259392.0,8270.955,15259392.0,8270.955,15259392.0,8270.955,43.9925,7.6825,7.6825,7.6825,12.4125,0.0,0.0,0.0,0.0,0.0,320.0,168328.0,90.72749999999999,953712.0,516.935,953712.0,516.935,953712.0,516.935,0.0,0.0,0.0,0.0,0.0,39680.0,1.48,0.2575,0.2575,0.2575,5120.0,2693248.0,1451.615,15259392.0,8270.955,15259392.0,8270.955,15259392.0,8270.955,75.7625,13.235,13.235,13.235,21.377499999999998
"void soft_max_f32<(bool)1, (int)0, (int)0>(const float *, const float *, float *, int, int, float)",0.0,0.0,0.0,0.0,0.0,0.0,0.25,2.85,1.38,830.96,404.25,830.96,404.25,830.96,404.25,0.0,0.0,0.0,0.0,0.0,0.0,0.0,0.0,0.0,0.0,0.25,2.85,1.38,830.96,404.25,830.96,404.25,830.96,404.25,0.0,0.0,0.0,0.0,0.0,0.0,0.0,0.0,0.0,0.0,0.25,2.85,1.38,830.96,404.25,830.96,404.25,830.96,404.25,0.0,0.0,0.0,0.0,0.0,0.0,0.0,0.0,0.0,0.0,40.0,455.5,0.22,132954.0,64.68,132954.0,64.68,132954.0,64.68,0.0,0.0,0.0,0.0,0.0,0.0,0.0,0.0,0.0,0.0,0.25,2.85,1.38,830.96,404.25,830.96,404.25,830.96,404.25,0.0,0.0,0.0,0.0,0.0,0.0,0.0,0.0,0.0,0.0,0.25,2.85,1.38,830.96,404.25,830.96,404.25,830.96,404.25,0.0,0.0,0.0,0.0,0.0,0.0,0.0,0.0,0.0,0.0,0.25,2.85,1.38,830.96,404.25,830.96,404.25,830.96,404.25,0.0,0.0,0.0,0.0,0.0,0.0,0.0,0.0,0.0,0.0,40.0,455.5,0.22,132954.0,64.68,132954.0,64.68,132954.0,64.68,0.0,0.0,0.0,0.0,0.0,0.0,0.0,0.0,0.0,0.0,2560.0,29152.0,14.18,8509056.0,4139.54,8509056.0,4139.54,8509056.0,4139.54,0.0,0.0,0.0,0.0,0.0,408.0,0.7,0.0,0.0,0.0,5120.0,58304.0,28.36,17018112.0,8279.08,17018112.0,8279.08,17018112.0,8279.08,35.83,0.12,0.12,0.12,0.2,0.0,0.0,0.0,0.0,0.0,320.0,3644.0,1.77,1063632.0,517.44,1063632.0,517.44,1063632.0,517.44,0.0,0.0,0.0,0.0,0.0,824.0,1.41,0.0,0.0,0.0,5120.0,58304.0,28.36,17018112.0,8279.08,17018112.0,8279.08,17018112.0,8279.08,72.36,0.25,0.25,0.25,0.4
"void soft_max_f32<(bool)1, (int)64, (int)64>(const float *, const float *, float *, int, int, float)",0.0,0.0,0.0,0.0,0.0,0.0,0.25,228.525,93.84,983.3,403.78999999999996,983.3,403.78999999999996,983.3,403.78999999999996,0.0,0.0,0.0,0.0,0.0,0.0,0.0,0.0,0.0,0.0,0.25,228.525,93.84,983.3,403.78999999999996,983.3,403.78999999999996,983.3,403.78999999999996,0.0,0.0,0.0,0.0,0.0,0.0,0.0,0.0,0.0,0.0,0.25,228.525,93.84,983.3,403.78999999999996,983.3,403.78999999999996,983.3,403.78999999999996,0.0,0.0,0.0,0.0,0.0,0.0,0.0,0.0,0.0,0.0,40.0,36564.0,15.015,157328.0,64.605,157328.0,64.605,157328.0,64.605,0.0,0.0,0.0,0.0,0.0,0.0,0.0,0.0,0.0,0.0,0.25,228.525,93.84,983.3,403.78999999999996,983.3,403.78999999999996,983.3,403.78999999999996,0.0,0.0,0.0,0.0,0.0,0.0,0.0,0.0,0.0,0.0,0.25,228.525,93.84,983.3,403.78999999999996,983.3,403.78999999999996,983.3,403.78999999999996,0.0,0.0,0.0,0.0,0.0,0.0,0.0,0.0,0.0,0.0,0.25,228.525,93.84,983.3,403.78999999999996,983.3,403.78999999999996,983.3,403.78999999999996,0.0,0.0,0.0,0.0,0.0,0.0,0.0,0.0,0.0,0.0,40.0,36564.0,15.015,157328.0,64.605,157328.0,64.605,157328.0,64.605,0.0,0.0,0.0,0.0,0.0,0.0,0.0,0.0,0.0,0.0,2560.0,2340096.0,960.94,10068992.0,4134.83,10068992.0,4134.83,10068992.0,4134.83,0.0,0.0,0.0,0.0,0.0,59392.0,1.27,0.295,0.295,0.295,5120.0,4680192.0,1921.87,20137984.0,8269.650000000001,20137984.0,8269.650000000001,20137984.0,8269.650000000001,64.975,15.100000000000001,15.100000000000001,15.100000000000001,24.39,0.0,0.0,0.0,0.0,0.0,320.0,292512.0,120.12,1258624.0,516.855,1258624.0,516.855,1258624.0,516.855,0.0,0.0,0.0,0.0,0.0,61376.0,1.31,0.305,0.305,0.305,5120.0,4680192.0,1921.87,20137984.0,8269.650000000001,20137984.0,8269.650000000001,20137984.0,8269.650000000001,67.15,15.605,15.605,15.605,25.205
